{
  "report": "              precision    recall  f1-score   support\n\n     sadness     0.0952    0.0188    0.0314       213\n         joy     0.5263    0.1370    0.2174      1168\n        love     0.0170    0.0984    0.0291        61\n       anger     0.4714    0.6669    0.5524      1285\n        fear     0.0784    0.1714    0.1076       140\n    surprise     0.0000    0.0000    0.0000        17\n\n    accuracy                         0.3644      2884\n   macro avg     0.1981    0.1821    0.1563      2884\nweighted avg     0.4344    0.3644    0.3423      2884\n",
  "confusion_matrix": [
    [
      4,
      17,
      32,
      138,
      16,
      6
    ],
    [
      18,
      160,
      146,
      709,
      113,
      22
    ],
    [
      2,
      10,
      6,
      31,
      10,
      2
    ],
    [
      14,
      92,
      150,
      857,
      141,
      31
    ],
    [
      2,
      19,
      16,
      78,
      24,
      1
    ],
    [
      2,
      6,
      2,
      5,
      2,
      0
    ]
  ],
  "baselines": {
    "majority_class": 1,
    "majority_acc": 0.40499306518723993,
    "persistence_acc": 0.40048543689320387
  }
}