{
  "report": "              precision    recall  f1-score   support\n\n     sadness     0.1132    0.2500    0.1558        24\n         joy     0.2812    0.0882    0.1343       102\n        love     0.0099    0.1667    0.0187         6\n       anger     0.5714    0.3537    0.4370       147\n        fear     0.0000    0.0000    0.0000        13\n    surprise     0.0000    0.0000    0.0000         1\n\n    accuracy                         0.2321       293\n   macro avg     0.1626    0.1431    0.1243       293\nweighted avg     0.3941    0.2321    0.2791       293\n",
  "confusion_matrix": [
    [
      6,
      4,
      8,
      5,
      0,
      1
    ],
    [
      16,
      9,
      43,
      27,
      0,
      7
    ],
    [
      0,
      1,
      1,
      4,
      0,
      0
    ],
    [
      30,
      16,
      43,
      52,
      0,
      6
    ],
    [
      1,
      2,
      5,
      3,
      0,
      2
    ],
    [
      0,
      0,
      1,
      0,
      0,
      0
    ]
  ],
  "baselines": {
    "majority_class": 1,
    "majority_acc": 0.34812286689419797,
    "persistence_acc": 0.40955631399317405
  }
}