{
  "task": "binary_valence",
  "positive_classes": [
    "joy",
    "love",
    "surprise"
  ],
  "negative_classes": [
    "sadness",
    "anger",
    "fear"
  ],
  "evaluation_protocol": "user_level_split",
  "accuracy": 0.5703883495145631,
  "weighted_f1": 0.5592906005608486,
  "binary_f1_positive": 0.4360491579426491,
  "roc_auc": 0.5776920823068495,
  "baselines": {
    "majority_class": 0,
    "majority_acc": 0.5679611650485437,
    "persistence_acc": 0.542995839112344
  },
  "report": "              precision    recall  f1-score   support\n\n    negative     0.6032    0.7118    0.6530      1638\n    positive     0.5037    0.3844    0.4360      1246\n\n    accuracy                         0.5704      2884\n   macro avg     0.5534    0.5481    0.5445      2884\nweighted avg     0.5602    0.5704    0.5593      2884\n",
  "confusion_matrix": [
    [
      1166,
      472
    ],
    [
      767,
      479
    ]
  ]
}